Workbook

Sheet Keyword Master List
A1: Category | B1: Location | C1: Keyword | D1: Volume (Monthly) | E1: SEO Difficulty | F1: Difficulty Level | G1: Role | H1: Notes
A2: Salesforce Consulting | B2: Dubai | C2: salesforce partner dubai | D2: 70 | E2: 10 | F2: Easy | G2: Pillar | H2: Best keyword — highest volume, lowest difficulty, exact geo match
A3: Salesforce Consulting | B3: Dubai | C3: salesforce partner in dubai | D3: 50 | E3: 15 | F3: Easy | G3: Supporting (H2/H3) | H3: Strong variant of top keyword
A4: Salesforce Consulting | B4: Dubai | C4: salesforce partner | D4: 40 | E4: 31 | F4: Easy | G4: Supporting (H2/H3) | H4: Broad, low difficulty — good pillar base
A5: Salesforce Consulting | B5: Dubai | C5: salesforce consulting | D5: 10 | E5: 28 | F5: Easy | G5: Supporting (H2/H3) | H5: Pillar blog title candidate
A6: Salesforce Consulting | B6: Dubai | C6: salesforce consulting companies | D6: 10 | E6: 13 | F6: Easy | G6: Supporting (H2/H3) | H6: Supporting keyword
A7: Salesforce Consulting | B7: Dubai | C7: salesforce consulting partner in dubai | D7: 10 | E7: 5 | F7: Easy | G7: Supporting (H2/H3) | H7: Very easy rank, geo-specific
A8: Salesforce Consulting | B8: Qatar | C8: salesforce consulting | D8: 10 | E8: 18 | F8: Easy | G8: Pillar | H8: Qatar location data
A9: Salesforce Consulting | B9: UAE | C9: salesforce partner in uae | D9: 30 | E9: 16 | F9: Easy | G9: Pillar | H9: Good for UAE-wide reach
A10: Zoho Service | B10: Dubai | C10: zoho partnership | D10: 110 | E10: 32 | F10: Easy | G10: Pillar | H10: Highest volume Zoho keyword (Dubai)
A11: Zoho Service | B11: Dubai | C11: zoho partner | D11: 70 | E11: 30 | F11: Easy | G11: Supporting (H2/H3) | H11: Broad Zoho keyword
A12: Zoho Service | B12: Dubai | C12: zoho partner dubai | D12: 20 | E12: 26 | F12: Easy | G12: Supporting (H2/H3) | H12: Geo-specific
A13: Zoho Service | B13: Dubai | C13: zoho crm for real estate | D13: 20 | E13: 13 | F13: Easy | G13: Supporting (H2/H3) | H13: Industry-niche, easy rank
... A74: Consulting And Training | B74: Dubai | C74: consulting and training | D74: 10 | E74: 13 | F74: Easy | G74: Pillar | H74: Low overall volume — use as H2 in Salesforce/Zoho pillar, not standalone

Sheet Summary by Category
A1: Category | B1: Total Keywords | C1: Total Volume | D1: Avg SEO Difficulty | E1: Pillar Keyword (Highest Volume)
A2: Salesforce Consulting | B2: =COUNTIF('Keyword Master List'!A:A,A2) -> 8 | C2: =SUMIF('Keyword Master List'!A:A,A2,'Keyword Master List'!D:D) -> 230 | D2: =ROUND(AVERAGEIF('Keyword Master List'!A:A,A2,'Keyword Master List'!E:E),1) -> 17 | E2: salesforce partner dubai (70 vol)
A3: Zoho Service | B3: =COUNTIF('Keyword Master List'!A:A,A3) -> 10 | C3: =SUMIF('Keyword Master List'!A:A,A3,'Keyword Master List'!D:D) -> 760 | D3: =ROUND(AVERAGEIF('Keyword Master List'!A:A,A3,'Keyword Master List'!E:E),1) -> 25.9 | E3: zoho crm (260 vol)
A4: Cloud Solution | B4: =COUNTIF('Keyword Master List'!A:A,A4) -> 8 | C4: =SUMIF('Keyword Master List'!A:A,A4,'Keyword Master List'!D:D) -> 80 | D4: =ROUND(AVERAGEIF('Keyword Master List'!A:A,A4,'Keyword Master List'!E:E),1) -> 20 | E4: cloud consulting (10 vol)
A5: Web Development | B5: =COUNTIF('Keyword Master List'!A:A,A5) -> 10 | C5: =SUMIF('Keyword Master List'!A:A,A5,'Keyword Master List'!D:D) -> 2210 | D5: =ROUND(AVERAGEIF('Keyword Master List'!A:A,A5,'Keyword Master List'!E:E),1) -> 23.8 | E5: web development (880 vol)
A6: App Development | B6: =COUNTIF('Keyword Master List'!A:A,A6) -> 10 | C6: =SUMIF('Keyword Master List'!A:A,A6,'Keyword Master List'!D:D) -> 3240 | D6: =ROUND(AVERAGEIF('Keyword Master List'!A:A,A6,'Keyword Master List'!E:E),1) -> 21.7 | E6: app development company in dubai (1000 vol)
A7: Digital Marketing | B7: =COUNTIF('Keyword Master List'!A:A,A7) -> 16 | C7: =SUMIF('Keyword Master List'!A:A,A7,'Keyword Master List'!D:D) -> 3580 | D7: =ROUND(AVERAGEIF('Keyword Master List'!A:A,A7,'Keyword Master List'!E:E),1) -> 23.4 | E7: digital marketing agency (1300 vol)
A8: Data Migration | B8: =COUNTIF('Keyword Master List'!A:A,A8) -> 10 | C8: =SUMIF('Keyword Master List'!A:A,A8,'Keyword Master List'!D:D) -> 230 | D8: =ROUND(AVERAGEIF('Keyword Master List'!A:A,A8,'Keyword Master List'!E:E),1) -> 16 | E8: data migration framework (110 vol)
A9: Consulting And Training | B9: =COUNTIF('Keyword Master List'!A:A,A9) -> 1 | C9: =SUMIF('Keyword Master List'!A:A,A9,'Keyword Master List'!D:D) -> 10 | D9: =ROUND(AVERAGEIF('Keyword Master List'!A:A,A9,'Keyword Master List'!E:E),1) -> 13 | E9: consulting and training (10 vol)
A11: Legend:
A12: Pillar = highest-volume keyword in a category/location group — use as blog title/H1
A13: Supporting (H2/H3) = use inside the pillar blog as subheadings, not as a standalone blog
A14: SEO Difficulty: Easy 0-35, Medium 36-69, Hard 70-100 (Ubersuggest scale)
